,frame num,person id,bb_xmin,bb_ymin,bb_height,bb_width,age_min,age_max,age_actual,gender
0,1,1,194,21,34,29,20,30,[[20.438967]],M
0,3,1,317,73,31,24,20,30,[[22.073677]],F
0,5,1,600,37,38,29,10,20,[[18.239208]],F
0,6,1,600,37,38,29,10,20,[[18.239208]],F
0,9,1,349,296,35,26,10,20,[[11.565351]],F
0,16,1,446,165,41,30,10,20,[[18.5831]],M
0,17,1,416,176,41,30,10,20,[[16.182007]],M
0,18,1,416,176,41,30,10,20,[[16.182007]],M
0,19,1,382,186,43,32,20,30,[[28.10088]],F
0,20,1,337,186,44,33,20,30,[[20.570305]],M
0,20,2,467,18,38,31,20,30,[[25.082062]],M
0,20,3,322,57,36,28,20,30,[[20.815763]],M
0,21,1,282,203,45,33,20,30,[[20.382465]],F
0,21,2,319,62,38,30,20,30,[[22.609116]],M
0,21,3,506,17,40,31,20,30,[[25.68892]],M
0,22,1,555,22,35,26,20,30,[[22.826218]],M
0,22,2,313,63,42,32,20,30,[[23.83255]],M
0,22,3,219,200,48,35,10,20,[[18.296543]],M
0,23,1,602,16,37,28,20,30,[[21.044239]],M
0,24,1,602,16,37,28,20,30,[[21.045599]],M
0,26,1,522,286,51,38,20,30,[[25.559437]],F
0,27,1,701,21,35,30,20,30,[[20.09554]],F
0,28,1,729,21,37,29,10,20,[[16.877743]],F
0,31,1,488,229,34,28,20,30,[[26.9081]],F
0,31,2,512,193,45,39,10,20,[[11.634519]],M
0,32,1,270,340,74,56,20,30,[[25.517048]],F
0,32,2,485,234,30,26,20,30,[[22.963634]],M
0,34,1,378,95,41,31,30,40,[[36.21973]],F
0,35,1,365,98,43,33,20,30,[[23.825502]],F
0,35,2,444,85,75,61,60,70,[[68.47074]],M
0,36,1,366,96,44,34,20,30,[[21.540714]],F
0,36,2,444,85,75,61,60,70,[[68.47074]],M
0,37,1,342,101,43,33,10,20,[[19.846472]],F
0,37,2,291,396,90,75,20,30,[[26.553728]],M
0,38,1,419,262,38,29,20,30,[[22.397797]],F
0,38,2,516,362,48,38,10,20,[[16.33675]],F
0,39,1,279,104,44,34,10,20,[[18.718409]],F
0,40,1,261,116,40,34,20,30,[[28.306936]],F
0,41,1,250,128,41,33,10,20,[[14.8687525]],F
0,41,2,323,278,35,27,40,50,[[42.98495]],M
0,42,1,250,128,41,33,10,20,[[14.8687525]],F
0,42,2,323,278,35,27,40,50,[[42.98495]],M
0,43,1,239,135,42,34,10,20,[[13.033029]],F
0,43,2,308,285,36,26,20,30,[[20.527735]],M
0,44,1,289,291,36,27,20,30,[[26.24953]],M
0,44,2,0,386,75,55,10,20,[[16.254404]],F
0,44,3,215,141,41,35,10,20,[[17.367458]],F
0,44,4,282,488,47,30,10,20,[[15.163126]],F
0,45,1,46,398,67,55,30,40,[[31.164112]],M
0,45,2,177,143,44,36,20,30,[[24.15007]],F
0,45,3,267,300,35,26,20,30,[[22.83232]],M
0,46,1,66,401,75,61,20,30,[[24.733532]],M
0,46,2,141,144,46,36,40,50,[[41.185345]],F
0,46,3,238,302,35,29,20,30,[[24.00277]],M
0,46,4,132,352,43,42,30,40,[[36.340504]],F
0,47,1,118,143,46,38,20,30,[[26.983107]],M
0,47,2,52,422,72,59,20,30,[[25.690592]],M
0,47,3,223,302,42,34,20,30,[[24.897865]],M
0,48,1,118,143,46,38,20,30,[[26.983107]],M
0,48,2,52,422,72,59,20,30,[[25.690592]],M
0,48,3,223,302,42,34,20,30,[[24.897865]],M
0,49,1,108,151,48,39,30,40,[[31.965538]],F
0,49,2,12,436,73,60,20,30,[[24.634155]],M
0,49,3,225,316,40,34,20,30,[[20.935234]],F
0,50,1,105,156,48,40,30,40,[[32.4196]],M
0,50,2,231,324,38,34,20,30,[[24.87127]],M
0,51,1,97,157,46,38,20,30,[[28.73875]],M
0,51,2,234,333,39,34,20,30,[[26.748817]],F
0,52,1,85,170,44,37,20,30,[[26.995762]],M
0,52,2,232,340,43,36,20,30,[[29.933605]],F
0,53,1,77,175,48,39,40,50,[[40.505096]],M
0,53,2,237,341,44,38,30,40,[[31.37248]],M
0,54,1,77,175,48,39,40,50,[[40.505096]],M
0,54,2,237,341,44,38,30,40,[[31.441555]],M
0,55,1,80,171,54,43,30,40,[[38.72205]],F
0,55,2,257,358,45,39,20,30,[[25.499962]],F
0,56,1,96,180,57,45,20,30,[[23.227615]],F
0,56,2,277,362,41,35,20,30,[[22.166296]],F
0,57,1,124,187,55,43,10,20,[[15.63593]],F
0,57,2,284,377,42,38,20,30,[[22.086836]],F
0,58,1,147,186,56,44,10,20,[[16.033083]],F
0,58,2,290,382,44,38,10,20,[[19.86832]],F
0,59,1,160,198,59,47,10,20,[[16.23011]],F
0,59,2,310,393,47,41,10,20,[[18.391521]],M
0,60,1,160,198,59,47,10,20,[[16.174942]],F
0,60,2,310,393,47,41,10,20,[[18.391521]],M
0,61,1,174,212,55,44,10,20,[[15.947412]],F
0,61,2,345,404,45,39,20,30,[[21.677952]],F
0,62,1,189,211,60,47,10,20,[[15.003183]],F
0,62,2,368,409,48,41,20,30,[[22.654432]],F
0,62,3,128,27,47,36,20,30,[[28.468489]],M
0,63,1,211,223,62,50,10,20,[[15.007327]],F
0,63,2,387,425,46,40,20,30,[[23.30483]],F
0,64,1,250,234,63,50,10,20,[[15.646775]],F
0,64,2,413,434,45,38,10,20,[[12.7301445]],F
0,65,1,285,238,63,50,10,20,[[15.972707]],F
0,65,2,456,455,44,37,10,20,[[12.582601]],F
0,66,1,285,238,63,50,10,20,[[15.972707]],F
0,66,2,456,455,44,37,10,20,[[12.582601]],F
0,67,1,310,252,64,51,10,20,[[15.732422]],F
0,67,2,172,565,107,88,20,30,[[25.117157]],M
0,67,3,492,460,45,37,10,20,[[15.356093]],F
0,68,1,336,268,63,51,10,20,[[17.274336]],F
0,68,2,512,479,49,42,10,20,[[14.722922]],F
0,68,3,329,24,45,35,0,10,[[8.147827]],M
0,69,1,365,274,64,51,10,20,[[16.501312]],F
0,69,2,537,487,50,42,10,20,[[15.730958]],F
0,70,1,398,283,66,51,10,20,[[15.102568]],F
0,70,2,50,528,96,80,20,30,[[21.58001]],M
0,71,1,445,298,64,50,10,20,[[15.888889]],F
0,71,2,24,532,84,70,20,30,[[23.2795]],M
0,71,3,417,201,47,38,10,20,[[16.141909]],M
0,71,4,638,516,57,49,10,20,[[15.694053]],F
0,72,1,445,298,64,50,10,20,[[15.888889]],F
0,72,2,24,532,84,70,20,30,[[23.2795]],M
0,72,3,417,201,47,38,10,20,[[16.141909]],M
0,72,4,638,516,57,49,10,20,[[15.694053]],F
0,73,1,483,299,69,53,10,20,[[16.3443]],F
0,73,2,673,528,58,49,10,20,[[18.225594]],F
0,73,3,341,187,70,48,20,30,[[26.112225]],M
0,74,1,514,315,69,54,10,20,[[15.188761]],F
0,74,2,704,543,63,52,20,30,[[24.14159]],F
0,75,1,543,334,68,53,10,20,[[15.464228]],F
0,75,2,196,199,64,45,20,30,[[25.158134]],F
0,75,3,746,559,60,53,20,30,[[29.600876]],F
0,75,4,475,67,46,36,20,30,[[29.531822]],M
0,76,1,568,347,66,53,10,20,[[15.25714]],F
0,76,2,108,203,52,41,10,20,[[16.357735]],M
0,76,3,795,589,60,51,20,30,[[26.15812]],F
0,76,4,122,375,78,61,10,20,[[18.034864]],F
0,77,1,588,364,66,53,10,20,[[15.178962]],F
0,77,2,818,598,57,50,20,30,[[20.915874]],F
0,77,3,463,73,55,40,20,30,[[29.49834]],F
0,77,4,27,198,54,42,10,20,[[16.446344]],M
0,77,5,52,372,83,65,20,30,[[22.361904]],M
0,77,6,78,326,44,42,40,50,[[41.41511]],F
0,78,1,588,364,66,53,10,20,[[15.178962]],F
0,78,2,818,598,57,50,20,30,[[20.915874]],F
0,78,3,463,73,55,40,20,30,[[29.49834]],F
0,78,4,27,198,54,42,10,20,[[16.446344]],M
0,78,5,52,372,83,65,20,30,[[22.361904]],M
0,78,6,78,326,44,42,40,50,[[41.41511]],F
0,79,1,605,382,72,57,10,20,[[16.562336]],F
0,79,2,813,627,60,52,10,20,[[15.613725]],F
0,79,3,12,297,94,86,50,60,[[54.289623]],M
0,80,1,611,386,73,60,10,20,[[19.533764]],M
0,80,2,459,45,50,41,30,40,[[30.670595]],M
0,80,3,804,650,60,50,10,20,[[18.415792]],M
0,81,1,607,405,74,60,20,30,[[22.609072]],M
0,82,1,586,426,75,62,20,30,[[23.900032]],M
0,83,1,556,439,79,65,20,30,[[23.906307]],M
0,84,1,556,439,79,65,20,30,[[23.906307]],M
0,85,1,535,462,79,67,10,20,[[19.526884]],M
0,85,2,523,112,55,43,20,30,[[26.561275]],F
0,86,1,499,485,95,74,20,30,[[22.584719]],M
0,86,2,516,102,54,48,10,20,[[18.597013]],F
0,87,1,450,492,100,75,20,30,[[22.126816]],M
0,88,1,472,85,53,44,20,30,[[25.703613]],F
0,88,2,526,112,55,45,10,20,[[18.67326]],M
0,88,3,377,517,105,79,20,30,[[24.226711]],M
0,89,1,463,95,56,45,20,30,[[24.332016]],F
0,89,2,537,118,63,51,20,30,[[27.28616]],F
0,89,3,297,550,111,82,20,30,[[20.730726]],M
0,90,1,463,96,55,45,20,30,[[26.573002]],F
0,90,2,537,118,63,51,20,30,[[27.680784]],F
0,90,3,297,549,113,83,20,30,[[20.099258]],M
0,91,1,462,105,59,45,20,30,[[20.801414]],F
0,91,2,205,571,109,84,20,30,[[25.371815]],F
0,91,3,550,127,56,44,10,20,[[17.892452]],M
0,92,1,459,100,63,47,20,30,[[26.127966]],F
0,92,2,117,599,121,99,20,30,[[23.555882]],F
0,93,1,444,109,61,48,40,50,[[48.96549]],F
0,94,1,411,125,63,48,20,30,[[25.453278]],F
0,95,1,365,121,66,51,20,30,[[24.510006]],F
0,95,2,867,493,123,102,20,30,[[28.206066]],M
0,96,1,365,121,66,51,20,30,[[24.568308]],F
0,96,2,867,493,122,102,40,50,[[43.09605]],M
0,97,1,334,124,69,52,20,30,[[22.294544]],F
0,98,1,317,143,68,49,20,30,[[28.918167]],F
0,98,2,748,73,48,40,20,30,[[26.253254]],F
0,99,1,310,149,69,50,30,40,[[32.0005]],F
0,99,2,741,75,48,38,20,30,[[26.923307]],M
0,99,3,575,433,44,31,10,20,[[17.559437]],F
0,100,1,726,77,47,35,20,30,[[27.013166]],M
0,103,1,214,178,73,53,10,20,[[19.262001]],F
0,103,2,858,294,45,31,10,20,[[17.513603]],F
0,104,1,166,173,71,54,20,30,[[24.668148]],F
0,105,1,131,175,77,56,20,30,[[22.58269]],F
0,106,1,94,195,75,56,10,20,[[17.857754]],F
0,106,2,584,99,51,37,20,30,[[23.710217]],M
0,107,1,68,205,81,58,20,30,[[21.208511]],F
0,107,2,566,104,53,36,10,20,[[19.956627]],F
0,108,1,68,205,81,58,20,30,[[21.064644]],F
0,108,2,566,104,53,36,10,20,[[19.956627]],F
0,109,1,40,210,80,58,20,30,[[21.253647]],F
0,109,2,551,108,50,38,20,30,[[24.193295]],M
0,110,1,0,223,84,59,10,20,[[19.706532]],F
0,110,2,554,111,48,38,20,30,[[25.275639]],M
0,111,1,561,115,47,38,20,30,[[28.050144]],M
0,111,2,195,261,76,58,20,30,[[28.606327]],M
0,112,1,568,116,46,39,20,30,[[27.067087]],M
0,113,1,571,114,48,38,20,30,[[23.687485]],M
0,114,1,570,113,49,40,20,30,[[21.688148]],M
0,115,1,97,289,74,62,20,30,[[23.219196]],F
0,115,2,573,112,49,38,20,30,[[25.37657]],M
0,115,3,424,433,40,34,20,30,[[29.550224]],F
0,116,1,589,111,50,39,20,30,[[24.339363]],F
0,117,1,603,108,52,41,20,30,[[25.392147]],M
0,118,1,608,110,50,38,30,40,[[34.24737]],M
0,119,1,609,112,50,38,20,30,[[27.869743]],M
0,119,2,220,374,42,32,10,20,[[15.009136]],F
0,120,1,609,112,50,38,20,30,[[27.869743]],M
0,120,2,220,374,42,32,10,20,[[15.009136]],F
0,121,1,48,358,79,65,20,30,[[22.940372]],F
0,121,2,600,115,52,41,20,30,[[24.73835]],M
0,122,1,586,124,52,41,20,30,[[22.824532]],F
0,123,1,8,290,63,50,20,30,[[26.122337]],F
0,123,2,568,137,51,40,20,30,[[20.663742]],F
0,123,3,125,0,31,25,20,30,[[22.09964]],F
0,124,1,8,313,66,53,20,30,[[22.642511]],F
0,124,2,550,138,50,40,20,30,[[25.580015]],M
0,124,3,335,349,20,14,10,20,[[11.42854]],F
0,125,1,551,137,50,42,20,30,[[27.004923]],M
0,126,1,551,137,50,42,20,30,[[27.004923]],M
0,127,1,551,145,51,42,20,30,[[26.869343]],M
0,127,2,183,1,34,26,20,30,[[21.29258]],M
0,128,1,16,337,69,54,30,40,[[37.088245]],F
0,128,2,566,146,55,42,20,30,[[27.83516]],M
0,129,1,574,144,53,42,30,40,[[32.393833]],M
0,129,2,43,345,74,58,30,40,[[35.484463]],F
0,130,1,53,350,77,62,20,30,[[28.858116]],F
0,130,2,224,10,33,25,20,30,[[23.217358]],F
0,130,3,571,148,58,44,20,30,[[26.670055]],M
0,131,1,549,160,58,46,20,30,[[26.866268]],M
0,131,2,138,23,37,28,20,30,[[21.639748]],F
0,131,3,42,368,79,61,40,50,[[43.399677]],F
0,132,1,549,160,58,46,20,30,[[26.866268]],M
0,132,2,138,23,37,28,20,30,[[21.639748]],F
0,132,3,42,368,79,61,40,50,[[43.399677]],F
0,133,1,3,385,74,59,20,30,[[29.58503]],F
0,133,2,534,161,56,44,20,30,[[29.90601]],M
0,135,1,560,181,55,42,30,40,[[38.68179]],M
0,135,2,603,100,39,30,10,20,[[16.632229]],M
0,135,3,167,28,35,27,20,30,[[20.846657]],F
0,136,1,160,24,36,28,20,30,[[20.969366]],F
0,136,2,585,180,56,43,30,40,[[33.86397]],M
0,137,1,591,184,59,43,20,30,[[21.850502]],M
0,137,2,159,27,36,27,10,20,[[18.933218]],F
0,138,1,591,184,59,43,20,30,[[21.850502]],M
0,138,2,159,27,36,27,10,20,[[18.933218]],F
0,139,1,55,346,70,57,10,20,[[15.026732]],F
0,139,2,167,36,38,30,20,30,[[21.648859]],F
0,139,3,581,197,63,46,10,20,[[18.952263]],F
0,139,4,222,0,35,29,20,30,[[24.743328]],M
0,139,5,313,26,35,25,20,30,[[24.672144]],F
0,140,1,142,337,74,58,10,20,[[16.847933]],F
0,140,2,313,25,36,24,20,30,[[22.084694]],F
0,140,3,557,209,63,47,10,20,[[16.959566]],F
0,140,4,615,107,34,25,20,30,[[25.03844]],F
0,141,1,224,368,70,55,10,20,[[16.12395]],F
0,141,2,539,207,63,49,20,30,[[25.374792]],F
0,142,1,302,385,74,60,10,20,[[15.59061]],F
0,142,2,525,218,64,48,20,30,[[21.631893]],F
0,142,3,159,6,41,29,20,30,[[21.025497]],M
0,143,1,383,380,66,54,10,20,[[17.153955]],F
0,143,2,514,239,68,50,10,20,[[19.812048]],F
0,143,3,130,6,40,30,20,30,[[20.03844]],F
0,144,1,383,380,66,54,10,20,[[17.154316]],F
0,144,2,514,239,68,50,10,20,[[19.812048]],F
0,144,3,130,6,40,30,20,30,[[20.03844]],F
0,145,1,496,232,68,52,10,20,[[16.257595]],F
0,146,1,803,173,55,40,40,50,[[41.149387]],M
0,148,1,214,48,38,28,20,30,[[20.581398]],F
0,149,1,196,46,35,26,10,20,[[17.675697]],F
0,150,1,196,46,35,26,10,20,[[17.675697]],F
0,151,1,413,167,30,22,10,20,[[19.0522]],F
0,151,2,183,55,36,26,10,20,[[15.985171]],F
0,152,1,169,60,33,26,10,20,[[16.929832]],F
0,152,2,406,163,39,26,20,30,[[26.333437]],F
0,153,1,102,353,80,65,20,30,[[22.029007]],F
0,178,1,776,87,39,33,10,20,[[11.784356]],F
0,179,1,743,85,43,34,10,20,[[12.183167]],F
0,180,1,743,85,43,34,10,20,[[12.183167]],F
0,182,1,540,115,42,33,20,30,[[21.408123]],F
0,183,1,522,133,37,28,20,30,[[20.52755]],F
0,184,1,607,118,46,32,10,20,[[18.83873]],M
0,185,1,569,123,44,32,20,30,[[22.891008]],F
0,186,1,569,123,44,32,20,30,[[22.891008]],F
0,187,1,537,129,45,34,10,20,[[16.944815]],F
0,187,2,883,504,89,70,20,30,[[24.34948]],M
0,188,1,507,140,48,36,20,30,[[21.525019]],F
0,188,2,863,551,100,78,20,30,[[25.322506]],M
0,189,1,441,155,47,34,20,30,[[21.777325]],F
0,189,2,851,605,110,86,20,30,[[26.786774]],M
0,190,1,457,167,44,34,20,30,[[24.628733]],F
0,191,1,395,160,52,40,20,30,[[22.684475]],F
0,191,2,462,165,47,36,20,30,[[26.080582]],M
0,192,1,395,160,52,40,20,30,[[22.684475]],F
0,192,2,462,165,47,36,20,30,[[26.080582]],M
0,193,1,454,185,47,36,20,30,[[29.70114]],M
0,193,2,373,167,46,37,20,30,[[20.038185]],M
0,194,1,357,177,52,41,20,30,[[27.861685]],F
0,194,2,438,188,52,37,20,30,[[21.933578]],M
0,195,1,342,180,51,40,30,40,[[30.56408]],F
0,195,2,427,190,49,35,20,30,[[23.579868]],M
0,196,1,315,196,60,45,20,30,[[28.027637]],F
0,196,2,421,211,57,43,20,30,[[22.558655]],M
0,197,1,418,215,53,41,20,30,[[22.602585]],M
0,197,2,285,211,55,43,20,30,[[20.915356]],F
0,198,1,418,215,53,41,20,30,[[22.602585]],M
0,198,2,285,211,55,43,20,30,[[20.915356]],F
0,199,1,262,214,54,43,10,20,[[19.772947]],F
0,200,1,242,227,59,46,10,20,[[16.618656]],F
0,203,1,159,260,61,48,10,20,[[18.907139]],F
0,204,1,159,260,61,48,10,20,[[18.907139]],F
0,205,1,138,266,56,45,30,40,[[30.630194]],F
0,206,1,118,284,62,49,10,20,[[16.371185]],F
0,206,2,607,33,34,23,10,20,[[15.628959]],F
0,207,1,106,298,65,51,20,30,[[20.560593]],F
0,208,1,325,175,28,24,20,30,[[28.32754]],F
0,209,1,65,323,67,54,10,20,[[17.110052]],F
0,210,1,65,323,67,54,10,20,[[17.110052]],F
0,211,1,38,337,65,52,10,20,[[19.560074]],F
0,212,1,9,348,72,57,20,30,[[25.344727]],F
0,220,1,518,284,49,31,20,30,[[21.135864]],F
0,247,1,224,110,61,44,10,20,[[19.524616]],F
0,247,2,233,166,33,27,20,30,[[21.933702]],F
0,257,1,613,403,34,25,10,20,[[17.388739]],F
0,258,1,613,403,34,25,10,20,[[17.388739]],F
0,260,1,602,64,50,33,20,30,[[21.905079]],F
0,262,1,561,91,38,31,20,30,[[21.08448]],F
0,263,1,538,90,40,33,20,30,[[26.712849]],F
0,264,1,538,90,40,33,20,30,[[26.712849]],F
0,265,1,518,96,39,32,20,30,[[25.05027]],F
0,265,2,613,61,37,28,10,20,[[16.038033]],M
0,266,1,490,103,40,33,20,30,[[27.977291]],F
0,266,2,597,66,46,33,20,30,[[24.03593]],M
0,267,1,582,68,39,31,20,30,[[25.771725]],M
0,267,2,468,103,41,32,20,30,[[20.842669]],M
0,268,1,452,114,38,31,20,30,[[25.665588]],F
0,269,1,444,127,40,32,20,30,[[26.021933]],F
0,270,1,444,127,40,32,20,30,[[26.021933]],F
0,271,1,440,128,40,32,20,30,[[24.304386]],F
0,272,1,525,85,43,32,20,30,[[24.577642]],M
0,272,2,432,137,41,33,10,20,[[16.971233]],F
0,272,3,592,0,24,19,20,30,[[20.771059]],F
0,273,1,532,97,47,35,20,30,[[24.930374]],M
0,273,2,422,147,43,34,10,20,[[16.272858]],F
0,274,1,414,146,43,34,10,20,[[18.47334]],F
0,274,2,551,100,49,36,20,30,[[22.035267]],M
0,275,1,563,105,47,36,20,30,[[26.527662]],M
0,275,2,412,162,43,36,10,20,[[18.596537]],F
0,276,1,563,105,47,36,20,30,[[26.527662]],M
0,276,2,412,162,43,36,10,20,[[18.60224]],F
0,277,1,415,160,45,38,10,20,[[19.966757]],F
0,277,2,567,115,56,39,20,30,[[21.817295]],M
0,278,1,564,129,50,37,20,30,[[26.305977]],M
0,279,1,394,183,48,39,10,20,[[19.991264]],F
0,279,2,564,129,51,40,20,30,[[24.298532]],M
0,279,3,603,217,16,14,20,30,[[28.731693]],M
0,280,1,377,176,49,39,20,30,[[21.4483]],F
0,281,1,365,193,49,39,20,30,[[21.746777]],F
0,281,2,586,142,57,42,20,30,[[20.585157]],F
0,282,1,365,193,49,39,20,30,[[21.746777]],F
0,282,2,586,142,57,42,20,30,[[20.585157]],F
0,283,1,359,203,49,39,20,30,[[22.69732]],F
0,283,2,574,151,59,47,20,30,[[22.768156]],F
0,284,1,344,203,51,41,20,30,[[22.79581]],F
0,285,1,326,222,51,43,20,30,[[21.63678]],F
0,285,2,531,171,58,43,20,30,[[23.19345]],F
0,286,1,297,222,53,44,20,30,[[20.899458]],F
0,286,2,503,174,59,45,10,20,[[13.152432]],F
0,287,1,277,228,53,42,20,30,[[21.687456]],F
0,287,2,602,314,85,67,10,20,[[17.364162]],M
0,288,1,277,228,53,42,20,30,[[21.687456]],F
0,288,2,602,314,85,67,10,20,[[17.364162]],M
0,290,1,232,250,57,46,10,20,[[18.89274]],F
0,291,1,203,265,58,46,10,20,[[17.159334]],F
0,291,2,440,334,23,19,30,40,[[32.90116]],M
0,292,1,162,288,62,47,10,20,[[16.998808]],F
0,292,2,388,61,31,25,10,20,[[19.87693]],M
0,293,1,123,295,61,50,10,20,[[19.13202]],F
0,293,2,433,70,33,25,20,30,[[26.885113]],M
0,294,1,123,295,61,50,10,20,[[19.13202]],F
0,294,2,433,70,33,25,20,30,[[26.885113]],M
0,295,1,92,319,62,52,10,20,[[16.710064]],F
0,295,2,257,253,69,52,20,30,[[20.679905]],F
0,295,3,353,159,38,23,20,30,[[24.603138]],F
0,295,4,479,59,37,27,30,40,[[30.753252]],M
0,296,1,63,337,64,52,10,20,[[16.772541]],F
0,297,1,28,341,66,53,10,20,[[18.246029]],F
0,298,1,165,286,75,54,20,30,[[20.011097]],M
0,299,1,111,295,78,57,10,20,[[19.458517]],M
0,299,2,159,426,28,20,30,40,[[38.87749]],M
0,300,1,111,295,78,57,10,20,[[19.458517]],M
0,300,2,159,426,28,20,30,40,[[38.87749]],M
0,301,1,67,309,77,57,20,30,[[21.868351]],M
0,302,1,28,343,76,56,20,30,[[22.25759]],M
0,303,1,0,359,80,59,20,30,[[23.527695]],M
0,303,2,55,485,27,23,20,30,[[25.473083]],F
0,311,1,598,30,49,36,40,50,[[42.966965]],M
0,312,1,598,30,49,36,40,50,[[42.940205]],M
0,313,1,586,40,49,39,30,40,[[32.432766]],M
0,315,1,575,48,51,39,20,30,[[28.653326]],M
0,315,2,559,82,152,99,30,40,[[32.597103]],F
0,316,1,548,105,136,91,20,30,[[25.230719]],F
0,316,2,567,58,47,37,20,30,[[26.950644]],M
0,317,1,708,230,32,26,10,20,[[19.568977]],F
0,317,2,552,64,48,38,30,40,[[33.173607]],M
0,318,1,708,230,32,26,10,20,[[19.568977]],F
0,318,2,552,64,48,38,30,40,[[33.174034]],M
0,319,1,538,69,47,38,30,40,[[32.02674]],M
0,319,2,697,243,34,27,20,30,[[20.69907]],F
0,320,1,527,81,45,36,20,30,[[24.654602]],M
0,325,1,602,270,36,30,20,30,[[24.017887]],M
0,325,2,333,180,32,23,10,20,[[11.261475]],M
0,326,1,576,273,35,28,20,30,[[25.647324]],M
0,327,1,553,289,35,28,20,30,[[22.025646]],M
0,328,1,530,286,36,31,10,20,[[19.628967]],M
0,331,1,531,460,25,18,20,30,[[22.69157]],F
0,332,1,421,133,50,40,20,30,[[20.99243]],M
0,333,1,516,336,39,32,10,20,[[17.808018]],M
0,334,1,378,132,55,42,20,30,[[20.967508]],F
0,334,2,505,321,42,33,20,30,[[21.8825]],F
0,335,1,356,142,57,44,30,40,[[32.354683]],F
0,335,2,510,378,41,34,20,30,[[21.137386]],F
0,335,3,610,118,45,29,20,30,[[25.526995]],F
0,336,1,356,144,54,44,30,40,[[33.66038]],F
0,336,2,510,378,41,34,20,30,[[21.137386]],F
0,336,3,610,118,45,29,20,30,[[25.526995]],F
0,337,1,345,146,59,45,30,40,[[37.33833]],F
0,337,2,519,375,43,35,20,30,[[21.392057]],F
0,337,3,587,117,45,31,20,30,[[24.057362]],M
0,338,1,339,150,56,47,30,40,[[33.7275]],F
0,338,2,511,359,43,36,20,30,[[20.130875]],F
0,338,3,567,137,47,33,20,30,[[21.725197]],M
0,339,1,895,271,66,52,20,30,[[20.574623]],F
0,339,2,543,142,48,36,20,30,[[23.52029]],F
0,339,3,338,161,56,46,20,30,[[20.870853]],F
0,339,4,508,420,46,35,10,20,[[17.129082]],F
0,339,5,585,173,29,22,10,20,[[13.1888]],F
0,340,1,819,280,64,51,20,30,[[20.237469]],F
0,340,2,335,178,55,45,10,20,[[16.917875]],F
0,340,3,503,406,49,37,10,20,[[18.528866]],F
0,340,4,509,147,52,38,20,30,[[23.264202]],F
0,341,1,721,307,67,52,20,30,[[20.001717]],F
0,341,2,482,416,46,38,20,30,[[20.397785]],F
0,341,3,461,167,55,37,10,20,[[16.5627]],M
0,342,1,721,307,66,52,10,20,[[19.30881]],F
0,342,2,482,416,46,38,20,30,[[20.433918]],F
0,342,3,461,167,55,37,10,20,[[16.717655]],M
0,343,1,622,330,67,52,20,30,[[20.905397]],F
0,343,2,407,165,55,37,20,30,[[27.038761]],M
0,343,3,416,222,41,40,0,10,[[6.6467867]],F
0,344,1,524,343,69,55,10,20,[[17.35073]],F
0,344,2,367,533,40,32,10,20,[[15.735867]],F
0,345,1,433,383,71,57,10,20,[[17.02285]],F
0,345,2,357,198,62,52,20,30,[[22.296743]],F
0,346,1,346,385,67,53,10,20,[[15.180846]],F
0,346,2,384,205,54,48,30,40,[[30.148987]],F
0,347,1,223,424,72,60,10,20,[[19.78209]],F
0,347,2,486,229,44,28,10,20,[[12.6931505]],F
0,348,1,223,424,72,60,10,20,[[19.78209]],F
0,348,2,486,229,44,28,10,20,[[12.6931505]],F
0,349,1,728,64,36,29,20,30,[[22.823427]],F
0,349,2,96,440,91,69,20,30,[[20.878063]],F
0,349,3,480,237,41,28,10,20,[[13.480344]],F
0,350,1,723,64,35,30,20,30,[[25.511662]],F
0,350,2,595,469,75,53,10,20,[[18.973076]],F
0,350,3,463,232,63,43,10,20,[[19.499489]],M
0,351,1,485,466,76,60,10,20,[[19.093288]],F
0,351,2,714,63,36,28,20,30,[[23.943493]],F
0,352,1,331,438,47,37,10,20,[[19.14527]],F
0,352,2,375,221,58,50,30,40,[[37.103893]],F
0,352,3,700,77,35,29,20,30,[[26.049833]],F
0,352,4,357,488,83,61,20,30,[[25.361116]],F
0,353,1,229,494,82,61,20,30,[[28.997206]],F
0,353,2,325,450,53,40,10,20,[[16.72229]],F
0,354,1,229,494,82,61,20,30,[[28.997206]],F
0,354,2,325,450,53,40,10,20,[[16.72229]],F
0,355,1,113,513,80,60,20,30,[[25.417368]],M
0,355,2,312,455,54,42,10,20,[[17.347176]],F
0,355,3,727,74,39,31,20,30,[[23.427084]],M
0,356,1,710,76,40,31,20,30,[[24.412865]],F
0,356,2,315,465,57,43,10,20,[[17.895468]],F
0,357,1,447,223,62,53,40,50,[[40.557285]],F
0,357,2,693,76,40,29,20,30,[[25.1976]],M
0,357,3,332,475,55,41,10,20,[[18.49876]],F
0,357,4,533,396,58,37,10,20,[[16.743704]],F
0,358,1,455,230,71,57,30,40,[[33.761215]],F
0,359,1,592,108,39,30,40,50,[[40.42326]],F
0,360,1,592,108,39,30,40,50,[[40.42326]],F
0,361,1,554,109,41,31,40,50,[[49.663948]],F
0,361,2,607,88,47,32,30,40,[[35.48949]],M
0,361,3,60,419,53,37,10,20,[[17.10086]],F
0,362,1,522,109,40,30,40,50,[[40.356815]],F
0,362,2,581,105,45,33,20,30,[[20.958082]],M
0,363,1,496,122,37,31,40,50,[[46.598232]],M
0,364,1,476,126,40,31,30,40,[[33.142387]],M
0,365,1,452,126,40,32,30,40,[[32.22568]],M
0,365,2,1,272,59,43,10,20,[[12.421908]],F
0,365,3,389,288,72,56,10,20,[[18.410133]],M
0,366,1,452,126,40,32,30,40,[[32.22568]],M
0,366,2,1,272,59,43,10,20,[[12.421908]],F
0,366,3,389,288,72,56,10,20,[[18.410133]],M
0,367,1,425,137,41,33,30,40,[[33.00629]],M
0,368,1,386,147,44,34,20,30,[[22.102427]],F
0,368,2,184,603,65,51,10,20,[[18.964127]],M
0,369,1,347,146,41,32,20,30,[[22.257015]],F
0,369,2,437,135,47,32,20,30,[[22.592392]],F
0,369,3,149,609,70,54,20,30,[[21.546404]],M
0,370,1,313,157,45,33,20,30,[[22.398571]],F
0,370,2,431,143,48,35,20,30,[[24.275614]],F
0,371,1,421,142,46,35,20,30,[[24.145826]],F
0,372,1,421,142,46,35,20,30,[[24.145826]],F
0,373,1,255,167,44,35,20,30,[[25.299606]],M
0,373,2,399,148,48,36,20,30,[[23.192215]],F
0,374,1,225,180,44,35,20,30,[[25.144533]],M
0,374,2,364,157,50,36,20,30,[[24.085236]],F
0,375,1,323,156,48,36,20,30,[[25.828112]],M
0,375,2,183,188,47,36,20,30,[[25.013794]],F
0,376,1,147,182,49,37,20,30,[[27.421064]],F
0,376,2,298,157,50,37,20,30,[[29.339495]],M
0,377,1,283,165,52,38,20,30,[[26.343567]],M
0,377,2,122,198,48,37,20,30,[[28.808773]],M
0,378,1,283,165,52,38,20,30,[[26.343567]],M
0,378,2,122,198,48,37,20,30,[[28.808773]],M
0,379,1,274,167,51,38,20,30,[[22.775393]],M
0,379,2,109,205,48,38,20,30,[[26.889482]],F
0,380,1,251,175,51,40,20,30,[[22.797304]],M
0,380,2,94,203,51,39,20,30,[[23.500574]],F
0,381,1,221,180,52,40,10,20,[[19.66697]],M
0,381,2,786,71,36,28,20,30,[[20.907652]],F
0,381,3,71,222,51,41,20,30,[[25.986938]],F
0,382,1,196,185,51,41,20,30,[[23.496933]],M
0,382,2,35,229,53,42,20,30,[[21.95742]],F
0,382,3,743,91,36,29,20,30,[[20.875334]],F
0,383,1,192,207,54,43,20,30,[[24.899752]],M
0,383,2,704,87,37,30,10,20,[[18.116854]],F
0,383,3,8,229,53,42,20,30,[[20.418201]],F
0,384,1,192,207,54,43,20,30,[[24.899752]],M
0,384,2,704,87,37,30,10,20,[[18.116854]],F
0,384,3,8,229,53,42,20,30,[[20.418201]],F
0,385,1,207,209,53,43,20,30,[[25.530222]],M
0,386,1,203,215,54,45,20,30,[[27.377117]],F
0,387,1,185,236,59,48,20,30,[[25.361084]],M
0,387,2,593,109,39,29,30,40,[[32.030876]],M
0,388,1,165,238,56,48,40,50,[[46.171913]],M
0,388,2,569,122,38,30,20,30,[[24.178007]],M
0,389,1,154,249,60,47,20,30,[[23.13383]],M
0,389,2,551,125,38,29,10,20,[[17.212353]],M
0,390,1,154,249,60,47,20,30,[[23.13383]],M
0,390,2,551,125,38,29,10,20,[[17.212353]],M
0,391,1,153,270,58,48,30,40,[[36.732204]],M
0,391,2,534,146,40,30,10,20,[[15.970115]],F
0,392,1,148,270,59,47,10,20,[[18.741936]],M
0,392,2,515,145,40,31,10,20,[[19.04327]],F
0,393,1,130,294,62,49,20,30,[[29.667816]],M
0,393,2,505,166,43,34,20,30,[[20.251734]],M
0,394,1,98,309,64,50,10,20,[[19.542904]],F
0,394,2,504,161,44,35,20,30,[[23.608492]],M
0,395,1,77,319,64,53,10,20,[[18.944414]],F
0,395,2,508,174,46,37,20,30,[[25.040129]],M
0,396,1,77,319,64,53,10,20,[[18.87533]],F
0,396,2,508,174,46,37,20,30,[[24.993217]],M
0,397,1,70,345,69,54,20,30,[[20.210758]],F
0,397,2,509,181,47,37,20,30,[[26.952814]],F
0,398,1,518,184,46,37,20,30,[[22.927603]],M
0,398,2,66,351,75,56,20,30,[[22.350067]],M
0,399,1,532,204,49,41,30,40,[[33.96061]],M
0,399,2,43,370,70,56,10,20,[[18.74442]],F
0,399,3,463,154,46,33,20,30,[[28.792147]],M
0,400,1,546,198,51,40,20,30,[[27.099277]],F
0,400,2,448,161,46,32,20,30,[[24.6283]],F
0,400,3,12,407,58,51,10,20,[[16.488247]],M
0,401,1,561,226,52,42,20,30,[[27.22651]],M
0,401,2,434,176,47,31,30,40,[[38.02483]],M
0,402,1,561,226,52,42,20,30,[[27.22651]],M
0,402,2,434,176,47,31,30,40,[[38.02483]],M
0,403,1,559,217,55,41,20,30,[[24.680754]],M
0,403,2,425,170,53,38,40,50,[[45.946884]],M
0,404,1,567,241,56,42,20,30,[[25.682884]],M
0,404,2,407,184,49,34,20,30,[[24.369356]],F
0,405,1,583,244,67,48,50,60,[[54.496586]],F
0,405,2,375,201,50,35,20,30,[[23.333115]],F
0,406,1,601,261,60,43,40,50,[[40.98006]],F
0,406,2,341,196,54,35,20,30,[[25.824486]],M
0,407,1,623,288,58,45,10,20,[[18.22314]],F
0,407,2,314,210,50,33,20,30,[[28.140892]],M
0,408,1,623,288,58,45,10,20,[[18.22314]],F
0,408,2,314,210,50,33,20,30,[[28.140892]],M
0,409,1,644,296,60,47,10,20,[[14.198923]],F
0,409,2,297,224,53,35,20,30,[[26.699898]],M
0,410,1,287,222,56,41,20,30,[[21.948057]],M
0,410,2,673,334,63,48,10,20,[[17.376713]],F
0,411,1,265,236,54,38,20,30,[[21.679329]],M
0,411,2,691,337,62,46,10,20,[[15.96936]],F
0,412,1,232,251,52,40,30,40,[[30.619965]],M
0,413,1,202,250,59,44,20,30,[[27.967768]],F
0,413,2,686,390,72,54,10,20,[[12.616182]],F
0,414,1,202,250,59,44,20,30,[[28.106285]],F
0,414,2,686,390,72,54,10,20,[[12.616182]],F
0,415,1,174,271,57,42,20,30,[[21.027082]],F
0,415,2,682,440,79,63,20,30,[[22.811413]],F
0,416,1,693,462,73,60,20,30,[[21.021805]],M
0,416,2,146,285,56,41,20,30,[[26.4626]],F
0,417,1,692,492,81,65,20,30,[[22.525936]],M
0,417,2,111,292,65,46,20,30,[[20.279715]],F
0,418,1,683,532,81,66,20,30,[[23.519505]],M
0,418,2,79,322,58,42,10,20,[[17.656055]],F
0,419,1,675,560,88,71,20,30,[[26.356617]],F
0,419,2,44,342,58,45,10,20,[[19.32954]],F
0,420,1,675,560,88,71,20,30,[[26.361603]],F
0,420,2,44,342,58,45,10,20,[[19.314438]],F
0,421,1,686,635,82,72,20,30,[[21.579536]],F
0,421,2,12,358,65,55,20,30,[[29.1756]],M
0,433,1,89,408,69,53,10,20,[[15.272191]],M
0,433,2,113,554,72,60,30,40,[[37.601665]],M
0,434,1,185,415,74,56,10,20,[[17.762733]],F
0,434,2,233,570,57,48,30,40,[[33.865818]],M
0,435,1,287,412,72,56,10,20,[[18.327858]],F
0,437,1,527,425,73,56,10,20,[[15.94274]],M
0,438,1,528,425,71,56,10,20,[[15.8747225]],M
0,440,1,756,463,83,66,10,20,[[18.482792]],F
0,441,1,363,441,52,38,30,40,[[31.686115]],F
0,442,1,365,343,33,24,0,10,[[9.235944]],F
0,443,1,431,511,58,47,10,20,[[17.123377]],F
0,444,1,431,511,58,47,10,20,[[17.123377]],F
0,459,1,781,236,68,43,20,30,[[21.359917]],F
0,460,1,161,56,38,29,20,30,[[23.08791]],F
0,467,1,56,513,42,33,10,20,[[15.824257]],M
0,468,1,56,513,42,33,10,20,[[15.824257]],M
0,472,1,791,70,37,33,10,20,[[15.359634]],F
0,479,1,415,96,37,29,20,30,[[24.504816]],F
0,480,1,415,96,37,29,20,30,[[24.489704]],F
0,481,1,434,96,38,30,30,40,[[31.018738]],F
0,482,1,446,98,39,29,30,40,[[36.34714]],F
0,483,1,33,350,61,49,10,20,[[17.07578]],F
0,483,2,449,106,41,30,30,40,[[36.120277]],F
0,484,1,119,344,68,49,10,20,[[19.632797]],F
0,484,2,449,101,45,31,30,40,[[36.523823]],M
0,485,1,198,340,58,43,10,20,[[19.8807]],F
0,485,2,451,118,36,30,40,50,[[40.77525]],M
0,486,1,198,340,58,43,10,20,[[19.8807]],F
0,486,2,451,118,36,30,40,50,[[40.77525]],M
0,487,1,269,358,60,44,10,20,[[18.502033]],F
0,487,2,455,124,45,33,30,40,[[30.606787]],M
0,488,1,449,129,40,31,20,30,[[27.078197]],M
0,488,2,339,360,62,49,10,20,[[17.60791]],F
0,489,1,434,146,45,33,20,30,[[20.352291]],M
0,489,2,408,363,64,53,10,20,[[17.099129]],F
0,490,1,410,146,46,35,30,40,[[32.635426]],F
0,490,2,44,368,75,57,10,20,[[19.434433]],F
0,490,3,500,375,67,53,10,20,[[17.533209]],F
0,491,1,395,151,47,35,30,40,[[30.3116]],M
0,491,2,574,375,69,56,10,20,[[16.85539]],F
0,491,3,118,385,69,54,10,20,[[18.428684]],F
0,492,1,395,151,47,35,30,40,[[30.3116]],M
0,492,2,574,375,69,56,10,20,[[16.85539]],F
0,492,3,118,385,69,54,10,20,[[18.448673]],F
0,493,1,387,173,47,35,20,30,[[25.126368]],M
0,493,2,192,398,70,54,10,20,[[19.946444]],M
0,493,3,616,398,81,63,20,30,[[23.010818]],M
0,493,4,1,477,76,58,20,30,[[24.735783]],M
0,493,5,700,57,35,28,10,20,[[16.204884]],F
0,494,1,73,496,75,60,20,30,[[24.608505]],F
0,494,2,661,413,64,49,10,20,[[16.608784]],F
0,494,3,373,172,47,36,30,40,[[34.12768]],M
0,494,4,255,402,73,57,20,30,[[20.581196]],F
0,495,1,139,500,82,64,20,30,[[26.364653]],F
0,495,2,718,433,68,57,20,30,[[20.86666]],F
0,495,3,352,182,49,37,20,30,[[24.828655]],M
0,495,4,313,430,76,57,20,30,[[21.883884]],M
0,496,1,782,460,77,64,10,20,[[18.706137]],F
0,496,2,188,530,75,60,20,30,[[20.25033]],F
0,496,3,318,195,49,38,20,30,[[28.385044]],M
0,496,4,363,444,74,59,10,20,[[17.234509]],M
0,497,1,831,471,80,66,20,30,[[20.528584]],F
0,497,2,226,548,78,61,20,30,[[25.781364]],F
0,497,3,285,190,49,38,20,30,[[29.417587]],M
0,497,4,398,464,81,62,20,30,[[28.075508]],M
0,498,1,831,471,80,66,20,30,[[20.533426]],F
0,498,2,226,548,78,61,20,30,[[25.781364]],F
0,498,3,285,190,49,38,20,30,[[29.417587]],M
0,498,4,398,464,81,62,20,30,[[27.98436]],M
0,499,1,867,517,86,68,10,20,[[18.87026]],F
0,499,2,256,573,79,61,20,30,[[20.310234]],M
0,499,3,261,203,53,39,20,30,[[26.201641]],M
0,499,4,438,495,78,62,20,30,[[20.446354]],F
0,499,5,609,85,36,28,20,30,[[21.040768]],F
0,500,1,281,604,86,66,20,30,[[23.749035]],M
0,500,2,895,541,85,64,20,30,[[25.10012]],M
0,500,3,241,220,51,42,40,50,[[46.02258]],F
0,500,4,473,508,88,66,20,30,[[21.376774]],F
0,500,5,582,84,38,31,20,30,[[22.337566]],M
0,501,1,291,623,88,68,20,30,[[23.418274]],F
0,501,2,220,218,54,42,20,30,[[28.820948]],M
0,501,3,560,96,39,31,20,30,[[22.248089]],M
0,501,4,496,548,92,69,20,30,[[21.044182]],F
0,502,1,510,570,94,75,20,30,[[24.880138]],F
0,502,2,191,238,56,44,20,30,[[20.021389]],F
0,502,3,539,100,42,32,20,30,[[28.299038]],M
0,503,1,524,605,96,76,20,30,[[25.017742]],M
0,503,2,151,243,55,45,40,50,[[41.008816]],F
0,503,3,514,103,44,35,20,30,[[27.348997]],M
0,504,1,524,605,96,76,20,30,[[25.017742]],M
0,504,2,151,243,55,45,40,50,[[41.008816]],F
0,504,3,514,103,44,35,20,30,[[27.348997]],M
0,505,1,485,121,41,32,20,30,[[24.681686]],M
0,505,2,122,250,56,46,20,30,[[28.410414]],F
0,506,1,99,279,57,45,20,30,[[22.527225]],F
0,506,2,457,123,40,32,20,30,[[28.069698]],M
0,507,1,77,287,60,46,30,40,[[37.115597]],F
0,507,2,437,136,43,33,20,30,[[27.810913]],M
0,508,1,421,143,45,35,20,30,[[22.063862]],F
0,508,2,44,295,65,48,20,30,[[27.623116]],F
0,509,1,399,148,45,36,10,20,[[18.699364]],F
0,509,2,3,322,65,50,20,30,[[23.481342]],F
0,509,3,500,153,45,33,20,30,[[24.50261]],F
0,510,1,399,148,45,36,10,20,[[18.699364]],F
0,510,2,3,322,65,50,20,30,[[23.481342]],F
0,510,3,500,153,45,33,20,30,[[24.50261]],F
0,511,1,370,162,48,38,20,30,[[23.04218]],F
0,511,2,484,162,43,33,20,30,[[26.804722]],M
0,512,1,341,163,49,38,20,30,[[21.293053]],F
0,512,2,464,178,45,32,20,30,[[22.961147]],F
0,513,1,321,181,48,39,20,30,[[20.085663]],M
0,513,2,446,180,55,40,20,30,[[29.360067]],F
0,514,1,305,189,47,40,10,20,[[16.332455]],M
0,514,2,437,207,50,41,20,30,[[29.404387]],F
0,515,1,281,193,50,41,10,20,[[17.940979]],F
0,516,1,281,193,50,41,10,20,[[17.940979]],F
0,517,1,251,212,53,43,10,20,[[17.801876]],F
0,518,1,221,213,56,44,10,20,[[19.607115]],F
0,518,2,483,63,41,31,0,10,[[0.]],F
0,519,1,199,233,56,44,10,20,[[18.787243]],F
0,519,2,360,226,52,40,20,30,[[24.744232]],M
0,520,1,182,242,57,45,10,20,[[18.603596]],F
0,520,2,344,249,56,41,20,30,[[23.826342]],F
0,521,1,156,246,61,48,10,20,[[19.258356]],F
0,521,2,340,267,59,45,20,30,[[22.18631]],F
0,522,1,156,246,61,48,10,20,[[19.234343]],F
0,522,2,340,267,59,45,20,30,[[22.140503]],F
0,523,1,125,274,58,47,10,20,[[17.338928]],F
0,524,1,97,280,61,49,10,20,[[17.914968]],F
0,525,1,79,300,62,49,10,20,[[17.142258]],F
0,526,1,66,312,66,51,20,30,[[20.383986]],F
0,527,1,38,323,65,53,10,20,[[18.841763]],F
0,527,2,177,39,37,29,10,20,[[16.35022]],F
0,528,1,38,323,65,53,10,20,[[18.841763]],F
0,528,2,177,39,37,29,10,20,[[16.35022]],F
0,529,1,4,350,68,56,10,20,[[18.507769]],F
0,531,1,57,433,58,51,20,30,[[22.426739]],F
0,532,1,16,451,54,47,10,20,[[17.443136]],F
0,535,1,493,311,53,36,10,20,[[13.723135]],F
0,536,1,221,40,35,27,10,20,[[15.428644]],F
0,538,1,804,71,36,33,20,30,[[26.239218]],F
0,539,1,792,75,43,32,20,30,[[23.69621]],F
0,540,1,792,75,43,32,20,30,[[23.69621]],F
0,541,1,780,85,41,32,20,30,[[22.600618]],F
0,542,1,764,89,39,29,20,30,[[21.844336]],F
0,544,1,695,100,37,31,10,20,[[19.887978]],F
0,548,1,885,289,75,63,40,50,[[42.82689]],F
0,548,2,608,115,43,30,30,40,[[35.57778]],F
0,549,1,863,302,74,63,20,30,[[24.377195]],F
0,549,2,577,115,43,29,20,30,[[27.244396]],F
0,550,1,537,168,45,31,20,30,[[22.306124]],M
0,550,2,846,344,84,67,20,30,[[28.939234]],F
0,551,1,505,182,44,33,20,30,[[23.543776]],M
0,551,2,501,131,34,27,20,30,[[25.54152]],F
0,552,1,505,182,44,33,20,30,[[23.543776]],M
0,552,2,501,131,34,27,20,30,[[25.54152]],F
0,553,1,478,189,43,31,20,30,[[21.650766]],M
0,553,2,784,384,85,72,40,50,[[43.155533]],M
0,554,1,451,190,49,36,30,40,[[30.206635]],M
0,554,2,722,425,87,72,20,30,[[27.859375]],M
0,555,1,428,200,46,35,20,30,[[23.175907]],M
0,555,2,675,434,98,80,30,40,[[30.705969]],M
0,555,3,547,229,26,22,30,40,[[38.371567]],M
0,556,1,397,217,44,33,20,30,[[21.378038]],M
0,556,2,644,489,95,80,30,40,[[33.706924]],M
0,556,3,397,148,44,30,20,30,[[28.579525]],F
0,557,1,367,216,44,34,20,30,[[22.38604]],M
0,557,2,617,536,93,79,30,40,[[30.335705]],M
0,557,3,368,153,41,29,10,20,[[17.836428]],F
0,558,1,367,216,44,34,20,30,[[22.38604]],M
0,558,2,617,536,93,79,30,40,[[30.357841]],M
0,558,3,368,153,41,29,10,20,[[17.836428]],F
0,559,1,352,220,44,35,20,30,[[21.551954]],M
0,559,2,341,163,44,29,20,30,[[20.244705]],M
0,559,3,352,314,130,101,20,30,[[28.199455]],F
0,559,4,339,257,84,63,10,20,[[15.4733715]],F
0,560,1,354,234,44,36,10,20,[[19.847305]],M
0,560,2,309,160,45,37,10,20,[[18.670513]],F
0,560,3,549,0,21,25,10,20,[[12.971477]],F
0,560,4,336,340,119,95,20,30,[[21.34182]],F
0,561,1,355,231,47,37,10,20,[[17.290585]],M
0,561,2,286,162,46,36,10,20,[[19.528399]],M
0,561,3,309,316,148,119,20,30,[[25.191025]],F
0,561,4,600,39,34,25,10,20,[[19.278309]],F
0,562,1,338,232,48,39,10,20,[[10.812338]],M
0,562,2,266,173,46,37,10,20,[[19.97854]],M
0,563,1,306,246,48,40,10,20,[[17.98877]],M
0,563,2,252,180,48,38,10,20,[[19.78312]],M
0,563,3,282,292,79,62,20,30,[[22.591349]],F
0,564,1,307,246,48,39,10,20,[[18.958258]],M
0,564,2,252,180,48,38,10,20,[[19.59925]],M
0,564,3,282,291,81,64,20,30,[[24.0705]],F
0,565,1,269,245,48,41,20,30,[[24.732315]],M
0,565,2,231,180,49,39,20,30,[[20.535858]],M
0,565,3,249,284,88,68,10,20,[[15.233829]],F
0,566,1,249,244,50,41,20,30,[[23.97419]],M
0,566,2,197,190,49,37,10,20,[[19.1169]],M
0,566,3,226,282,91,70,10,20,[[17.402466]],F
0,567,1,236,247,53,42,10,20,[[17.141495]],M
0,567,2,154,192,51,41,10,20,[[19.830215]],M
0,568,1,228,260,50,42,10,20,[[18.378517]],M
0,568,2,123,191,50,40,20,30,[[23.281296]],M
0,569,1,101,203,51,42,20,30,[[27.789776]],F
0,569,2,217,263,54,40,30,40,[[30.086079]],M
0,570,1,217,262,55,42,20,30,[[28.553038]],M
0,570,2,101,203,51,41,20,30,[[26.915798]],M
0,571,1,90,211,53,44,40,50,[[40.922626]],F
0,571,2,207,269,56,41,20,30,[[24.573895]],M
0,571,3,785,74,43,34,20,30,[[22.168076]],F
0,572,1,73,213,53,43,20,30,[[28.41915]],M
0,572,2,188,280,56,41,20,30,[[24.729334]],M
0,572,3,735,91,40,32,20,30,[[20.779003]],F
0,573,1,154,286,63,47,20,30,[[21.350155]],M
0,573,2,48,219,60,42,20,30,[[27.385632]],F
0,574,1,14,229,57,38,10,20,[[19.357805]],F
0,574,2,125,285,53,37,20,30,[[27.464437]],M
0,575,1,605,110,44,31,20,30,[[28.260855]],M
0,576,1,605,110,44,31,20,30,[[28.260855]],M
0,577,1,565,106,47,36,20,30,[[21.32198]],M
0,577,2,412,3,38,29,20,30,[[24.669678]],M
0,578,1,521,120,46,35,20,30,[[25.116304]],F
0,578,2,439,3,38,30,20,30,[[22.54797]],M
0,579,1,468,128,44,34,20,30,[[24.320545]],M
0,579,2,33,319,52,36,20,30,[[20.107327]],M
0,580,1,215,41,35,29,10,20,[[15.663484]],F
0,580,2,420,128,46,35,20,30,[[25.787952]],F
0,580,3,463,9,38,31,20,30,[[29.59775]],F
0,580,4,692,70,42,32,20,30,[[23.499914]],F
0,581,1,213,41,36,29,10,20,[[16.064253]],F
0,581,2,378,148,45,35,20,30,[[24.12394]],M
0,581,3,461,14,42,34,20,30,[[28.278782]],F
0,582,1,213,41,36,29,10,20,[[16.064253]],F
0,582,2,378,148,45,35,20,30,[[24.12394]],M
0,582,3,461,14,42,34,20,30,[[28.278782]],F
0,583,1,214,41,38,29,10,20,[[15.5906315]],F
0,583,2,455,4,42,34,20,30,[[28.702637]],F
0,583,3,337,144,49,34,20,30,[[27.503895]],M
0,584,1,215,42,36,29,10,20,[[14.437451]],F
0,584,2,461,11,40,33,20,30,[[28.943377]],F
0,584,3,285,153,44,33,20,30,[[21.649681]],F
0,585,1,215,43,35,29,10,20,[[13.494248]],F
0,585,2,472,22,43,32,20,30,[[27.94632]],F
0,586,1,217,43,35,27,10,20,[[12.823537]],F
0,586,2,485,25,44,34,20,30,[[26.662235]],F
0,586,3,163,157,52,40,20,30,[[27.999952]],M
0,586,4,232,127,53,46,20,30,[[23.6146]],M
0,587,1,117,168,48,34,20,30,[[23.391468]],F
0,587,2,217,43,35,28,10,20,[[13.3916855]],F
0,587,3,534,119,46,36,20,30,[[23.506947]],F
0,587,4,487,21,45,35,20,30,[[28.371706]],F
0,587,5,190,133,56,45,20,30,[[22.506721]],M
0,588,1,117,168,48,34,20,30,[[23.391468]],F
0,588,2,217,43,35,28,10,20,[[13.3916855]],F
0,588,3,534,119,46,36,20,30,[[23.506947]],F
0,588,4,487,21,45,35,20,30,[[28.371706]],F
0,588,5,190,133,56,45,20,30,[[22.506721]],M
0,589,1,538,127,46,38,20,30,[[29.2386]],F
0,589,2,217,43,36,28,10,20,[[13.312771]],F
0,589,3,61,177,52,37,20,30,[[23.433804]],F
0,589,4,482,30,49,38,30,40,[[30.814072]],M
0,590,1,527,112,51,39,20,30,[[25.312363]],M
0,590,2,466,41,49,39,20,30,[[27.151981]],F
0,590,3,218,44,34,27,10,20,[[13.319308]],F
0,590,4,3,172,53,38,20,30,[[23.345592]],M
0,591,1,512,140,52,40,20,30,[[23.589106]],M
0,591,2,452,36,45,36,20,30,[[28.88394]],M
0,592,1,449,37,48,38,30,40,[[32.19139]],M
0,592,2,488,149,52,42,20,30,[[23.136343]],F
0,593,1,452,54,48,39,30,40,[[32.937634]],M
0,593,2,489,132,52,42,20,30,[[23.911673]],F
0,594,1,452,54,48,38,30,40,[[32.71559]],M
0,594,2,489,132,52,42,20,30,[[23.911673]],F
0,595,1,488,158,57,46,20,30,[[29.63523]],M
0,595,2,465,63,47,36,20,30,[[25.853853]],M
0,596,1,496,171,55,44,20,30,[[27.420898]],M
0,596,2,465,58,46,35,10,20,[[16.514145]],F
0,597,1,459,73,48,37,20,30,[[21.184837]],F
0,598,1,441,84,54,40,20,30,[[24.042988]],F
0,599,1,427,76,52,40,20,30,[[20.321434]],F
0,600,1,427,76,52,40,20,30,[[20.321434]],F
0,601,1,427,85,57,42,20,30,[[22.762974]],F
0,602,1,436,109,55,41,20,30,[[22.676853]],M
0,603,1,448,107,56,41,20,30,[[25.140453]],M
0,603,2,424,230,60,50,20,30,[[22.176088]],F
0,603,3,713,18,44,33,20,30,[[25.0896]],F
0,604,1,440,107,58,43,20,30,[[25.159887]],M
0,604,2,690,21,42,31,20,30,[[25.189392]],F
0,605,1,421,131,57,44,20,30,[[26.739994]],F
0,606,1,421,131,57,44,20,30,[[26.739994]],F
0,607,1,380,131,60,46,30,40,[[31.362612]],M
0,608,1,356,123,61,49,20,30,[[25.850477]],M
0,609,1,342,139,64,47,20,30,[[21.276474]],F
0,610,1,332,168,60,47,20,30,[[23.876747]],F
0,611,1,321,161,71,55,30,40,[[31.622934]],F
0,612,1,321,161,71,55,30,40,[[31.622286]],F
0,613,1,292,176,61,48,20,30,[[28.858566]],F
0,614,1,504,81,51,40,30,40,[[30.278685]],F
0,614,2,245,203,66,51,10,20,[[18.367289]],F
0,614,3,426,281,26,21,20,30,[[21.772514]],F
0,615,1,196,212,65,51,20,30,[[25.06985]],F
0,615,2,501,88,54,39,20,30,[[20.468925]],M
0,616,1,514,104,53,39,20,30,[[20.125864]],F
0,616,2,155,221,66,55,20,30,[[20.523396]],F
0,617,1,522,100,53,39,20,30,[[27.4435]],M
0,617,2,128,252,70,55,10,20,[[17.884748]],F
0,618,1,522,100,53,39,20,30,[[27.4435]],M
0,618,2,128,252,70,55,10,20,[[17.884748]],F
0,619,1,521,113,55,41,20,30,[[23.926292]],M
0,619,2,97,278,73,58,20,30,[[24.769943]],M
0,620,1,511,122,56,43,20,30,[[28.238628]],M
0,620,2,54,277,75,59,20,30,[[27.334517]],M
0,621,1,506,120,56,44,30,40,[[30.267313]],M
0,622,1,506,136,57,43,30,40,[[31.64206]],M
0,623,1,509,146,60,46,20,30,[[29.491264]],M
0,624,1,509,146,60,46,20,30,[[28.663322]],M
0,625,1,505,149,62,50,30,40,[[34.40915]],M
0,625,2,138,14,34,26,20,30,[[24.808765]],F
0,625,3,378,384,57,44,20,30,[[20.603306]],F
0,626,1,505,173,63,49,30,40,[[33.900906]],M
0,627,1,505,175,64,51,20,30,[[26.582546]],M
0,628,1,524,185,67,52,20,30,[[27.227074]],M
0,629,1,554,216,67,52,20,30,[[20.3984]],M
0,630,1,554,216,67,52,20,30,[[20.3984]],M
0,631,1,71,239,68,52,20,30,[[23.660313]],F
0,631,2,581,210,73,56,10,20,[[18.880943]],F
0,631,3,231,39,36,27,10,20,[[15.422639]],F
0,632,1,597,238,75,58,20,30,[[20.190548]],F
0,632,2,113,230,69,52,20,30,[[24.572863]],F
0,633,1,149,256,65,51,20,30,[[27.140442]],M
0,633,2,609,265,76,58,20,30,[[20.427904]],F
0,633,3,231,40,37,28,10,20,[[14.438921]],F
0,634,1,625,272,79,61,10,20,[[19.412247]],F
0,634,2,172,272,75,54,10,20,[[19.715397]],F
0,635,1,649,316,81,61,10,20,[[18.577456]],F
0,635,2,211,282,71,53,20,30,[[25.075974]],F
0,635,3,228,39,38,29,10,20,[[14.216727]],F
0,636,1,649,316,81,61,10,20,[[18.575829]],F
0,636,2,211,282,71,53,20,30,[[25.075974]],F
0,636,3,228,39,38,29,10,20,[[14.216727]],F
0,637,1,661,332,84,65,10,20,[[19.825678]],M
0,637,2,260,314,71,56,20,30,[[22.532894]],F
0,638,1,298,318,76,58,10,20,[[19.93523]],F
0,638,2,645,372,92,67,20,30,[[21.658813]],M
0,638,3,210,45,40,34,20,30,[[20.778965]],F
0,639,1,607,418,91,72,20,30,[[22.722113]],M
0,639,2,310,349,81,65,20,30,[[21.126251]],F
0,640,1,322,384,75,60,20,30,[[20.875774]],F
0,640,2,577,437,98,76,20,30,[[23.07936]],M
0,641,1,548,512,98,79,20,30,[[23.779606]],M
0,641,2,349,397,79,61,10,20,[[17.150616]],M
0,641,3,212,40,41,30,10,20,[[16.218155]],F
0,642,1,548,512,98,79,20,30,[[23.779606]],M
0,642,2,349,397,79,61,10,20,[[17.150616]],M
0,642,3,212,40,41,30,10,20,[[16.218155]],F
0,643,1,501,539,108,84,20,30,[[22.774418]],M
0,643,2,382,447,82,62,10,20,[[17.696707]],M
0,643,3,213,40,42,33,10,20,[[15.910001]],F
0,644,1,427,607,112,92,20,30,[[23.039066]],M
0,644,2,408,459,87,67,10,20,[[16.941156]],F
0,644,3,214,43,37,30,10,20,[[19.498016]],F
0,644,4,509,0,50,44,10,20,[[13.786083]],F
0,645,1,216,43,39,32,10,20,[[17.182892]],F
0,646,1,474,0,40,30,0,10,[[1.8661557]],F
0,647,1,399,581,100,81,10,20,[[17.375261]],M
0,648,1,400,581,100,79,10,20,[[16.872473]],M
0,649,1,355,4,36,27,10,20,[[14.526868]],F
0,650,1,736,5,34,24,20,30,[[20.03137]],F
0,651,1,710,20,36,27,10,20,[[18.12896]],F
0,652,1,176,558,82,69,30,40,[[33.47039]],M
0,656,1,730,24,40,30,20,30,[[21.785267]],F
0,657,1,719,30,39,30,20,30,[[21.459589]],F
0,657,2,598,32,37,26,20,30,[[22.588612]],F
0,657,3,540,225,33,28,40,50,[[42.200977]],F
0,658,1,574,48,39,27,20,30,[[22.386677]],F
0,658,2,698,47,39,30,20,30,[[21.190182]],F
0,659,1,544,42,41,28,20,30,[[27.695572]],F
0,660,1,544,42,41,28,20,30,[[27.695572]],F
0,661,1,526,46,39,28,20,30,[[20.229584]],F
0,662,1,509,60,41,29,20,30,[[21.844799]],F
0,663,1,494,59,42,31,20,30,[[20.15847]],M
0,664,1,477,61,42,31,10,20,[[19.356522]],M
0,664,2,595,63,41,28,20,30,[[22.944008]],M
0,665,1,451,75,41,31,20,30,[[23.57392]],F
0,665,2,563,73,40,27,20,30,[[22.117523]],M
0,666,1,451,75,41,31,20,30,[[23.383053]],F
0,666,2,563,73,40,27,20,30,[[22.309767]],M
0,667,1,417,73,40,31,20,30,[[27.974316]],F
0,667,2,522,91,40,27,20,30,[[20.595695]],M
0,668,1,475,84,42,33,20,30,[[22.697266]],M
0,668,2,395,74,40,31,30,40,[[34.95631]],F
0,669,1,381,85,38,29,20,30,[[28.202328]],F
0,669,2,448,84,41,30,10,20,[[18.236149]],F
0,670,1,370,89,43,32,20,30,[[22.315247]],F
0,670,2,19,395,72,60,10,20,[[18.543488]],M
0,670,3,426,100,46,32,20,30,[[20.777927]],M
0,670,4,229,49,36,28,10,20,[[13.580259]],F
0,671,1,353,91,42,30,10,20,[[16.65746]],F
0,671,2,110,417,70,58,10,20,[[17.658943]],M
0,671,3,229,50,36,28,10,20,[[14.195233]],F
0,671,4,55,352,60,46,20,30,[[20.494366]],F
0,671,5,402,100,51,35,20,30,[[25.075583]],M
0,672,1,353,91,42,30,10,20,[[16.65746]],F
0,672,2,110,417,70,58,10,20,[[17.628624]],M
0,672,3,229,50,36,28,10,20,[[14.195233]],F
0,672,4,55,352,60,46,20,30,[[20.571676]],F
0,672,5,402,100,51,35,20,30,[[25.069717]],M
0,673,1,126,351,61,48,20,30,[[20.512749]],F
0,673,2,197,423,71,57,10,20,[[19.875563]],M
0,674,1,205,369,60,46,10,20,[[17.163124]],F
0,674,2,279,106,45,32,10,20,[[18.01837]],F
0,674,3,272,441,74,58,20,30,[[20.468822]],F
0,674,4,231,48,39,29,10,20,[[13.680642]],F
0,675,1,280,371,61,46,10,20,[[16.918224]],F
0,675,2,240,104,43,33,20,30,[[26.968624]],M
0,675,3,136,495,78,68,10,20,[[17.469929]],M
0,675,4,343,464,75,61,10,20,[[18.990177]],M
0,675,5,436,173,30,23,20,30,[[22.2178]],F
0,676,1,212,115,44,34,20,30,[[24.922676]],F
0,676,2,340,393,61,48,10,20,[[14.958075]],F
0,676,3,185,502,80,65,10,20,[[16.085203]],M
0,677,1,190,123,46,36,30,40,[[31.980936]],F
0,677,2,231,540,81,70,10,20,[[14.250985]],M
0,677,3,386,411,63,48,10,20,[[15.183556]],F
0,677,4,289,126,52,36,20,30,[[23.735657]],F
0,678,1,190,123,46,36,30,40,[[32.05006]],F
0,678,2,231,540,81,70,10,20,[[14.320827]],M
0,678,3,386,411,63,48,10,20,[[15.183556]],F
0,678,4,289,126,52,36,20,30,[[23.734474]],F
0,679,1,169,123,47,36,20,30,[[27.065449]],F
0,679,2,431,429,64,49,10,20,[[13.4912195]],F
0,679,3,266,553,84,71,10,20,[[16.527843]],M
0,679,4,274,124,58,38,10,20,[[14.93373]],M
0,680,1,145,137,48,37,20,30,[[24.967945]],F
0,680,2,262,599,90,77,10,20,[[18.5076]],M
0,680,3,471,459,70,54,10,20,[[13.134826]],F
0,680,4,250,134,53,38,10,20,[[19.655022]],M
0,680,5,539,580,94,75,20,30,[[26.581238]],M
0,681,1,112,150,48,37,10,20,[[17.978016]],M
0,681,2,246,633,86,79,20,30,[[20.408504]],M
0,681,3,214,142,49,37,10,20,[[19.795677]],M
0,681,4,562,602,88,70,20,30,[[20.35806]],M
0,681,5,488,471,73,59,10,20,[[16.443134]],F
0,681,6,230,48,38,30,10,20,[[15.632496]],F
0,682,1,498,518,73,61,20,30,[[20.64537]],F
0,682,2,85,141,50,39,20,30,[[21.766731]],M
0,682,3,202,149,53,41,20,30,[[26.957863]],M
0,682,4,1,339,90,70,10,20,[[17.884197]],F
0,682,5,588,657,83,68,10,20,[[13.897098]],F
0,683,1,66,154,49,39,20,30,[[22.755795]],M
0,683,2,95,350,88,71,10,20,[[17.151127]],F
0,683,3,496,533,81,65,20,30,[[23.811195]],F
0,683,4,219,166,53,40,20,30,[[23.472893]],F
0,684,1,66,154,49,39,20,30,[[22.755795]],M
0,684,2,95,350,88,71,10,20,[[17.154442]],F
0,684,3,496,533,81,65,20,30,[[23.811195]],F
0,684,4,219,166,53,40,20,30,[[23.472893]],F
0,685,1,53,168,50,39,30,40,[[30.69862]],F
0,685,2,145,355,88,71,20,30,[[22.661373]],M
0,685,3,499,581,88,71,20,30,[[24.440966]],F
0,685,4,229,160,54,42,30,40,[[38.350212]],F
0,686,1,46,164,52,41,20,30,[[21.631727]],F
0,686,2,487,609,91,74,20,30,[[22.292402]],F
0,686,3,232,165,54,42,30,40,[[31.39858]],F
0,686,4,165,394,96,77,20,30,[[23.597305]],M
0,686,5,719,23,35,27,20,30,[[20.776297]],F
0,687,1,38,175,50,40,10,20,[[15.525594]],M
0,687,2,221,184,58,44,20,30,[[29.583244]],F
0,687,3,153,408,98,80,20,30,[[23.621685]],M
0,688,1,16,196,58,43,20,30,[[20.644691]],F
0,688,2,211,185,57,44,20,30,[[28.726917]],M
0,688,3,149,424,103,82,10,20,[[19.88055]],F
0,689,1,215,190,57,43,20,30,[[21.175528]],F
0,689,2,0,188,58,35,20,30,[[22.059204]],F
0,689,3,148,481,105,84,20,30,[[20.197124]],F
0,689,4,393,136,26,19,20,30,[[26.307745]],F
0,690,1,215,190,57,43,20,30,[[21.175528]],F
0,690,2,0,188,58,35,20,30,[[22.059204]],F
0,690,3,148,481,105,84,20,30,[[20.1997]],F
0,690,4,393,136,26,19,20,30,[[26.307745]],F
0,691,1,227,205,58,45,20,30,[[23.24985]],F
0,691,2,127,498,109,88,20,30,[[20.538437]],F
0,691,3,349,38,82,55,20,30,[[24.842993]],M
0,692,1,51,536,118,100,10,20,[[17.909243]],M
0,692,2,597,40,40,30,20,30,[[26.416428]],M
0,692,3,226,209,64,48,10,20,[[18.417469]],F
0,693,1,579,49,42,32,20,30,[[23.969969]],F
0,694,1,561,46,42,32,20,30,[[29.405535]],M
0,694,2,170,236,66,47,20,30,[[22.719505]],F
0,695,1,537,59,43,32,30,40,[[32.577526]],M
0,695,2,504,415,42,37,20,30,[[22.363161]],F
0,696,1,537,59,43,32,30,40,[[32.577526]],M
0,696,2,504,415,42,37,20,30,[[22.363161]],F
0,697,1,512,62,45,33,30,40,[[31.367683]],M
0,698,1,502,82,39,31,30,40,[[30.5167]],M
0,699,1,488,156,174,117,30,40,[[30.998013]],M
0,699,2,709,14,30,24,10,20,[[15.257079]],F
0,700,1,510,102,38,32,30,40,[[35.81071]],F
0,701,1,580,53,39,31,20,30,[[24.925186]],M
0,702,1,580,53,39,31,20,30,[[24.925186]],M
0,703,1,700,23,35,26,10,20,[[15.326678]],F
0,703,2,564,62,41,32,20,30,[[24.750912]],M
0,704,1,507,107,46,35,20,30,[[23.474365]],F
0,704,2,544,64,39,31,20,30,[[23.303883]],M
0,705,1,520,115,48,34,20,30,[[23.171852]],M
0,705,2,104,282,84,53,30,40,[[33.903515]],F
0,706,1,536,126,49,36,20,30,[[24.058191]],F
0,707,1,548,117,53,38,30,40,[[31.194706]],M
0,707,2,531,75,40,33,20,30,[[26.986017]],M
0,707,3,410,209,19,17,30,40,[[35.26093]],F
0,708,1,548,117,53,38,30,40,[[31.194706]],M
0,708,2,531,75,40,33,20,30,[[26.986017]],M
0,708,3,410,209,19,17,30,40,[[35.26093]],F
0,709,1,551,132,54,39,30,40,[[32.259556]],M
0,709,2,0,309,71,52,10,20,[[19.233437]],F
0,709,3,523,83,42,33,30,40,[[31.68274]],M
0,710,1,547,134,54,40,30,40,[[31.703909]],M
0,710,2,510,88,45,34,30,40,[[37.97404]],M
0,711,1,559,137,55,42,30,40,[[37.417866]],F
0,711,2,505,88,44,34,40,50,[[41.794243]],M
0,711,3,71,495,44,32,10,20,[[18.772404]],M
0,712,1,501,102,42,34,40,50,[[49.961113]],M
0,712,2,573,156,52,41,20,30,[[24.09557]],M
0,712,3,314,366,73,61,10,20,[[15.778306]],F
0,713,1,590,155,55,44,20,30,[[21.940197]],M
0,713,2,496,105,43,35,30,40,[[30.572071]],M
0,713,3,258,353,80,66,20,30,[[20.736584]],M
0,714,1,590,155,55,44,20,30,[[21.940197]],M
0,714,2,496,105,43,35,30,40,[[30.553675]],M
0,714,3,258,353,80,66,20,30,[[20.739769]],M
0,715,1,599,160,58,46,20,30,[[22.024363]],M
0,715,2,483,112,41,32,20,30,[[25.863228]],M
0,715,3,211,356,77,60,10,20,[[18.356758]],F
0,716,1,608,180,63,49,20,30,[[21.728062]],M
0,716,2,154,359,78,62,20,30,[[21.94747]],F
0,716,3,456,125,39,31,20,30,[[24.01771]],M
0,717,1,617,181,60,48,20,30,[[23.562025]],M
0,717,2,108,364,70,57,20,30,[[23.51339]],F
0,718,1,637,187,64,47,10,20,[[16.091366]],M
0,718,2,413,125,44,32,30,40,[[33.61742]],M
0,718,3,570,81,40,32,40,50,[[41.629402]],F
0,721,1,691,202,73,52,10,20,[[17.886219]],F
0,721,2,356,136,44,33,20,30,[[27.30067]],M
0,722,1,317,146,45,34,20,30,[[24.091578]],M
0,723,1,525,99,43,33,40,50,[[43.355026]],M
0,723,2,257,139,55,41,20,30,[[28.32342]],M
0,724,1,720,250,69,55,10,20,[[14.718369]],F
0,724,2,521,116,48,36,50,60,[[52.22915]],F
0,725,1,720,249,70,55,10,20,[[16.02387]],F
0,725,2,521,116,48,36,50,60,[[51.818935]],F
